1,Ford,Mustang,2006
2,Toyota,Corolla,2013
3,Toyota,Prius,2012
4,Volkswagon,Beetle,2022
5,Kia,Soul,2019
6,Ferrari,LaFerrari,1987
7,Dodge,Ram 1500,2017
8,Lambroghini,Aventador,2004
9,Ford,GT,2017
10,Kia,Rio,2009
11,Acura,MDX,2007
12,Kia,Sorrento,2022
13,Chevrolet,Camero,1976
14,Volkswagon,Atlas,2019
15,Honda,Civic,2012
16,Mitsubishi,Evo,2016
17,Toyota,Supra,2018
18,Dodge,Charger,2014
19,Toyota,Forerunner,2018
20,Honda,Civic,2021
21,Hyundai,Elantra,2023
22,Nissan,Altima,2009
